ID,mode,selected,candidate_rank,score,file,split
wsd,pdos,True,1,390,/content/obelix_audit_filtered_spectra/Train_cif/wsd/Lithium_PDOS_wsd.csv,train
yqu,pdos,True,1,390,/content/obelix_audit_filtered_spectra/Train_cif/yqu/Lithium_PDOS_yqu.csv,train
1xf,pdos,True,1,390,/content/obelix_audit_filtered_spectra/Train_cif/1xf/Lithium_PDOS_1xf.csv,train
5z0,pdos,True,1,390,/content/obelix_audit_filtered_spectra/Train_cif/5z0/Lithium_PDOS_5z0.csv,train
qno,pdos,True,1,390,/content/obelix_audit_filtered_spectra/Train_cif/qno/Lithium_PDOS_qno.csv,train
tka,pdos,True,1,390,/content/obelix_audit_filtered_spectra/Train_cif/tka/Lithium_PDOS_tka.csv,train
aui,pdos,True,1,390,/content/obelix_audit_filtered_spectra/Train_cif/aui/Lithium_PDOS_aui.csv,train
u0c,pdos,True,1,390,/content/obelix_audit_filtered_spectra/Train_cif/u0c/Lithium_PDOS_u0c.csv,train
lkm,pdos,True,1,390,/content/obelix_audit_filtered_spectra/Train_cif/lkm/Lithium_PDOS_lkm.csv,train
dc8,pdos,True,1,390,/content/obelix_audit_filtered_spectra/Train_cif/dc8/Lithium_PDOS_dc8.csv,train
419,pdos,True,1,390,/content/obelix_audit_filtered_spectra/Train_cif/419/Lithium_PDOS_419.csv,train
sqm,pdos,True,1,390,/content/obelix_audit_filtered_spectra/Train_cif/sqm/Lithium_PDOS_sqm.csv,train
deu,pdos,True,1,390,/content/obelix_audit_filtered_spectra/Train_cif/deu/Lithium_PDOS_deu.csv,train
1m8,pdos,True,1,390,/content/obelix_audit_filtered_spectra/Train_cif/1m8/Lithium_PDOS_1m8.csv,train
h82,pdos,True,1,390,/content/obelix_audit_filtered_spectra/Train_cif/h82/Lithium_PDOS_h82.csv,train
iiy,pdos,True,1,390,/content/obelix_audit_filtered_spectra/Train_cif/iiy/Lithium_PDOS_iiy.csv,train
kbo,pdos,True,1,390,/content/obelix_audit_filtered_spectra/Train_cif/kbo/Lithium_PDOS_kbo.csv,train
dvn,pdos,True,1,390,/content/obelix_audit_filtered_spectra/Train_cif/dvn/Lithium_PDOS_dvn.csv,train
e81,pdos,True,1,390,/content/obelix_audit_filtered_spectra/Train_cif/e81/Lithium_PDOS_e81.csv,train
6du,pdos,True,1,390,/content/obelix_audit_filtered_spectra/Train_cif/6du/Lithium_PDOS_6du.csv,train
lrh,pdos,True,1,390,/content/obelix_audit_filtered_spectra/Train_cif/lrh/Lithium_PDOS_lrh.csv,train
bq9,pdos,True,1,390,/content/obelix_audit_filtered_spectra/Train_cif/bq9/Lithium_PDOS_bq9.csv,train
ymc,pdos,True,1,390,/content/obelix_audit_filtered_spectra/Train_cif/ymc/Lithium_PDOS_ymc.csv,train
zxr,pdos,True,1,390,/content/obelix_audit_filtered_spectra/Train_cif/zxr/Lithium_PDOS_zxr.csv,train
lxk,pdos,True,1,390,/content/obelix_audit_filtered_spectra/Train_cif/lxk/Lithium_PDOS_lxk.csv,train
dlj,pdos,True,1,390,/content/obelix_audit_filtered_spectra/Train_cif/dlj/Lithium_PDOS_dlj.csv,train
t2c,pdos,True,1,390,/content/obelix_audit_filtered_spectra/Train_cif/t2c/Lithium_PDOS_t2c.csv,train
k4x,pdos,True,1,390,/content/obelix_audit_filtered_spectra/Train_cif/k4x/Lithium_PDOS_k4x.csv,train
bsa,pdos,True,1,390,/content/obelix_audit_filtered_spectra/Train_cif/bsa/Lithium_PDOS_bsa.csv,train
uu4,pdos,True,1,390,/content/obelix_audit_filtered_spectra/Train_cif/uu4/Lithium_PDOS_uu4.csv,train
w7d,pdos,True,1,390,/content/obelix_audit_filtered_spectra/Train_cif/w7d/Lithium_PDOS_w7d.csv,train
nig,pdos,True,1,390,/content/obelix_audit_filtered_spectra/Train_cif/nig/Lithium_PDOS_nig.csv,train
ueu,pdos,True,1,390,/content/obelix_audit_filtered_spectra/Train_cif/ueu/Lithium_PDOS_ueu.csv,train
019,pdos,True,1,390,/content/obelix_audit_filtered_spectra/Train_cif/019/Lithium_PDOS_019.csv,train
xas,pdos,True,1,390,/content/obelix_audit_filtered_spectra/Train_cif/xas/Lithium_PDOS_xas.csv,train
h7r,pdos,True,1,390,/content/obelix_audit_filtered_spectra/Train_cif/h7r/Lithium_PDOS_h7r.csv,train
nhq,pdos,True,1,390,/content/obelix_audit_filtered_spectra/Train_cif/nhq/Lithium_PDOS_nhq.csv,train
ysm,pdos,True,1,390,/content/obelix_audit_filtered_spectra/Train_cif/ysm/Lithium_PDOS_ysm.csv,train
95j,pdos,True,1,390,/content/obelix_audit_filtered_spectra/Train_cif/95j/Lithium_PDOS_95j.csv,train
an2,pdos,True,1,390,/content/obelix_audit_filtered_spectra/Train_cif/an2/Lithium_PDOS_an2.csv,train
97p,pdos,True,1,390,/content/obelix_audit_filtered_spectra/Train_cif/97p/Lithium_PDOS_97p.csv,train
97b,pdos,True,1,390,/content/obelix_audit_filtered_spectra/Train_cif/97b/Lithium_PDOS_97b.csv,train
z9y,pdos,True,1,390,/content/obelix_audit_filtered_spectra/Train_cif/z9y/Lithium_PDOS_z9y.csv,train
d9l,pdos,True,1,390,/content/obelix_audit_filtered_spectra/Train_cif/d9l/Lithium_PDOS_d9l.csv,train
bjw,pdos,True,1,390,/content/obelix_audit_filtered_spectra/Train_cif/bjw/Lithium_PDOS_bjw.csv,train
d7f,pdos,True,1,390,/content/obelix_audit_filtered_spectra/Train_cif/d7f/Lithium_PDOS_d7f.csv,train
i12,pdos,True,1,390,/content/obelix_audit_filtered_spectra/Train_cif/i12/Lithium_PDOS_i12.csv,train
883,pdos,True,1,390,/content/obelix_audit_filtered_spectra/Train_cif/883/Lithium_PDOS_883.csv,train
jkq,pdos,True,1,390,/content/obelix_audit_filtered_spectra/Train_cif/jkq/Lithium_PDOS_jkq.csv,train
e6a,pdos,True,1,390,/content/obelix_audit_filtered_spectra/Train_cif/e6a/Lithium_PDOS_e6a.csv,train
4kt,pdos,True,1,390,/content/obelix_audit_filtered_spectra/Train_cif/4kt/Lithium_PDOS_4kt.csv,train
jqc,pdos,True,1,390,/content/obelix_audit_filtered_spectra/Train_cif/jqc/Lithium_PDOS_jqc.csv,train
fkj,pdos,True,1,390,/content/obelix_audit_filtered_spectra/Train_cif/fkj/Lithium_PDOS_fkj.csv,train
ka6,pdos,True,1,390,/content/obelix_audit_filtered_spectra/Train_cif/ka6/Lithium_PDOS_ka6.csv,train
9zk,pdos,True,1,390,/content/obelix_audit_filtered_spectra/Train_cif/9zk/Lithium_PDOS_9zk.csv,train
9rc,pdos,True,1,390,/content/obelix_audit_filtered_spectra/Train_cif/9rc/Lithium_PDOS_9rc.csv,train
8ub,pdos,True,1,390,/content/obelix_audit_filtered_spectra/Train_cif/8ub/Lithium_PDOS_8ub.csv,train
uxi,pdos,True,1,390,/content/obelix_audit_filtered_spectra/Train_cif/uxi/Lithium_PDOS_uxi.csv,train
bi3,pdos,True,1,390,/content/obelix_audit_filtered_spectra/Train_cif/bi3/Lithium_PDOS_bi3.csv,train
kab,pdos,True,1,390,/content/obelix_audit_filtered_spectra/Train_cif/kab/Lithium_PDOS_kab.csv,train
be9,pdos,True,1,390,/content/obelix_audit_filtered_spectra/Train_cif/be9/Lithium_PDOS_be9.csv,train
bv2,pdos,True,1,390,/content/obelix_audit_filtered_spectra/Train_cif/bv2/Lithium_PDOS_bv2.csv,train
ldx,pdos,True,1,390,/content/obelix_audit_filtered_spectra/Train_cif/ldx/Lithium_PDOS_ldx.csv,train
hja,pdos,True,1,390,/content/obelix_audit_filtered_spectra/Train_cif/hja/Lithium_PDOS_hja.csv,train
kbq,pdos,True,1,390,/content/obelix_audit_filtered_spectra/Train_cif/kbq/Lithium_PDOS_kbq.csv,train
p9u,pdos,True,1,390,/content/obelix_audit_filtered_spectra/Train_cif/p9u/Lithium_PDOS_p9u.csv,train
7e5,pdos,True,1,390,/content/obelix_audit_filtered_spectra/Train_cif/7e5/Lithium_PDOS_7e5.csv,train
t0h,pdos,True,1,390,/content/obelix_audit_filtered_spectra/Train_cif/t0h/Lithium_PDOS_t0h.csv,train
2wb,pdos,True,1,390,/content/obelix_audit_filtered_spectra/Train_cif/2wb/Lithium_PDOS_2wb.csv,train
uxo,pdos,True,1,390,/content/obelix_audit_filtered_spectra/Train_cif/uxo/Lithium_PDOS_uxo.csv,train
47i,pdos,True,1,390,/content/obelix_audit_filtered_spectra/Train_cif/47i/Lithium_PDOS_47i.csv,train
o5q,pdos,True,1,390,/content/obelix_audit_filtered_spectra/Train_cif/o5q/Lithium_PDOS_o5q.csv,train
mfs,pdos,True,1,390,/content/obelix_audit_filtered_spectra/Train_cif/mfs/Lithium_PDOS_mfs.csv,train
kmv,pdos,True,1,390,/content/obelix_audit_filtered_spectra/Train_cif/kmv/Lithium_PDOS_kmv.csv,train
ur9,pdos,True,1,390,/content/obelix_audit_filtered_spectra/Train_cif/ur9/Lithium_PDOS_ur9.csv,train
pbz,pdos,True,1,390,/content/obelix_audit_filtered_spectra/Train_cif/pbz/Lithium_PDOS_pbz.csv,train
ek5,pdos,True,1,390,/content/obelix_audit_filtered_spectra/Train_cif/ek5/Lithium_PDOS_ek5.csv,train
7o7,pdos,True,1,390,/content/obelix_audit_filtered_spectra/Train_cif/7o7/Lithium_PDOS_7o7.csv,train
goi,pdos,True,1,390,/content/obelix_audit_filtered_spectra/Train_cif/goi/Lithium_PDOS_goi.csv,train
13q,pdos,True,1,390,/content/obelix_audit_filtered_spectra/Train_cif/13q/Lithium_PDOS_13q.csv,train
ym6,pdos,True,1,390,/content/obelix_audit_filtered_spectra/Train_cif/ym6/Lithium_PDOS_ym6.csv,train
usu,pdos,True,1,390,/content/obelix_audit_filtered_spectra/Train_cif/usu/Lithium_PDOS_usu.csv,train
yav,pdos,True,1,390,/content/obelix_audit_filtered_spectra/Train_cif/yav/Lithium_PDOS_yav.csv,train
kko,pdos,True,1,390,/content/obelix_audit_filtered_spectra/Train_cif/kko/Lithium_PDOS_kko.csv,train
kfp,pdos,True,1,390,/content/obelix_audit_filtered_spectra/Train_cif/kfp/Lithium_PDOS_kfp.csv,train
5wz,pdos,True,1,390,/content/obelix_audit_filtered_spectra/Train_cif/5wz/Lithium_PDOS_5wz.csv,train
x2v,pdos,True,1,390,/content/obelix_audit_filtered_spectra/Train_cif/x2v/Lithium_PDOS_x2v.csv,train
iqt,pdos,True,1,390,/content/obelix_audit_filtered_spectra/Train_cif/iqt/Lithium_PDOS_iqt.csv,train
1dm,pdos,True,1,390,/content/obelix_audit_filtered_spectra/Train_cif/1dm/Lithium_PDOS_1dm.csv,train
bnh,pdos,True,1,390,/content/obelix_audit_filtered_spectra/Train_cif/bnh/Lithium_PDOS_bnh.csv,train
ix1,pdos,True,1,390,/content/obelix_audit_filtered_spectra/Train_cif/ix1/Lithium_PDOS_ix1.csv,train
68u,pdos,True,1,390,/content/obelix_audit_filtered_spectra/Train_cif/68u/Lithium_PDOS_68u.csv,train
9zr,pdos,True,1,390,/content/obelix_audit_filtered_spectra/Train_cif/9zr/Lithium_PDOS_9zr.csv,train
240,pdos,True,1,390,/content/obelix_audit_filtered_spectra/Train_cif/240/Lithium_PDOS_240.csv,train
c6e,pdos,True,1,390,/content/obelix_audit_filtered_spectra/Train_cif/c6e/Lithium_PDOS_c6e.csv,train
2t8,pdos,True,1,390,/content/obelix_audit_filtered_spectra/Train_cif/2t8/Lithium_PDOS_2t8.csv,train
vj7,pdos,True,1,390,/content/obelix_audit_filtered_spectra/Train_cif/vj7/Lithium_PDOS_vj7.csv,train
10s,pdos,True,1,390,/content/obelix_audit_filtered_spectra/Train_cif/10s/Lithium_PDOS_10s.csv,train
ish,pdos,True,1,390,/content/obelix_audit_filtered_spectra/Train_cif/ish/Lithium_PDOS_ish.csv,train
ui6,pdos,True,1,390,/content/obelix_audit_filtered_spectra/Train_cif/ui6/Lithium_PDOS_ui6.csv,train
ywe,pdos,True,1,390,/content/obelix_audit_filtered_spectra/Train_cif/ywe/Lithium_PDOS_ywe.csv,train
qa9,pdos,True,1,390,/content/obelix_audit_filtered_spectra/Train_cif/qa9/Lithium_PDOS_qa9.csv,train
1e9,pdos,True,1,390,/content/obelix_audit_filtered_spectra/Train_cif/1e9/Lithium_PDOS_1e9.csv,train
uaz,pdos,True,1,390,/content/obelix_audit_filtered_spectra/Train_cif/uaz/Lithium_PDOS_uaz.csv,train
7tu,pdos,True,1,390,/content/obelix_audit_filtered_spectra/Train_cif/7tu/Lithium_PDOS_7tu.csv,train
hbz,pdos,True,1,390,/content/obelix_audit_filtered_spectra/Train_cif/hbz/Lithium_PDOS_hbz.csv,train
mq1,pdos,True,1,390,/content/obelix_audit_filtered_spectra/Train_cif/mq1/Lithium_PDOS_mq1.csv,train
9ph,pdos,True,1,390,/content/obelix_audit_filtered_spectra/Train_cif/9ph/Lithium_PDOS_9ph.csv,train
tvf,pdos,True,1,390,/content/obelix_audit_filtered_spectra/Train_cif/tvf/Lithium_PDOS_tvf.csv,train
my9,pdos,True,1,390,/content/obelix_audit_filtered_spectra/Train_cif/my9/Lithium_PDOS_my9.csv,train
z7n,pdos,True,1,390,/content/obelix_audit_filtered_spectra/Train_cif/z7n/Lithium_PDOS_z7n.csv,train
09w,pdos,True,1,390,/content/obelix_audit_filtered_spectra/Train_cif/09w/Lithium_PDOS_09w.csv,train
kgl,pdos,True,1,390,/content/obelix_audit_filtered_spectra/Train_cif/kgl/Lithium_PDOS_kgl.csv,train
xut,pdos,True,1,390,/content/obelix_audit_filtered_spectra/Train_cif/xut/Lithium_PDOS_xut.csv,train
opo,pdos,True,1,390,/content/obelix_audit_filtered_spectra/Train_cif/opo/Lithium_PDOS_opo.csv,train
w87,pdos,True,1,390,/content/obelix_audit_filtered_spectra/Train_cif/w87/Lithium_PDOS_w87.csv,train
gcj,pdos,True,1,390,/content/obelix_audit_filtered_spectra/Train_cif/gcj/Lithium_PDOS_gcj.csv,train
xz4,pdos,True,1,390,/content/obelix_audit_filtered_spectra/Train_cif/xz4/Lithium_PDOS_xz4.csv,train
oi6,pdos,True,1,390,/content/obelix_audit_filtered_spectra/Train_cif/oi6/Lithium_PDOS_oi6.csv,train
hai,pdos,True,1,390,/content/obelix_audit_filtered_spectra/Train_cif/hai/Lithium_PDOS_hai.csv,train
gz8,pdos,True,1,390,/content/obelix_audit_filtered_spectra/Train_cif/gz8/Lithium_PDOS_gz8.csv,train
z2s,pdos,True,1,390,/content/obelix_audit_filtered_spectra/Train_cif/z2s/Lithium_PDOS_z2s.csv,train
gxz,pdos,True,1,390,/content/obelix_audit_filtered_spectra/Train_cif/gxz/Lithium_PDOS_gxz.csv,train
rty,pdos,True,1,390,/content/obelix_audit_filtered_spectra/Train_cif/rty/Lithium_PDOS_rty.csv,train
lap,pdos,True,1,390,/content/obelix_audit_filtered_spectra/Train_cif/lap/Lithium_PDOS_lap.csv,train
fwz,pdos,True,1,390,/content/obelix_audit_filtered_spectra/Train_cif/fwz/Lithium_PDOS_fwz.csv,train
vqj,pdos,True,1,390,/content/obelix_audit_filtered_spectra/Train_cif/vqj/Lithium_PDOS_vqj.csv,train
pe2,pdos,True,1,390,/content/obelix_audit_filtered_spectra/Train_cif/pe2/Lithium_PDOS_pe2.csv,train
xub,pdos,True,1,390,/content/obelix_audit_filtered_spectra/Train_cif/xub/Lithium_PDOS_xub.csv,train
pql,pdos,True,1,390,/content/obelix_audit_filtered_spectra/Train_cif/pql/Lithium_PDOS_pql.csv,train
h89,pdos,True,1,390,/content/obelix_audit_filtered_spectra/Train_cif/h89/Lithium_PDOS_h89.csv,train
yq2,pdos,True,1,390,/content/obelix_audit_filtered_spectra/Train_cif/yq2/Lithium_PDOS_yq2.csv,train
00x,pdos,True,1,390,/content/obelix_audit_filtered_spectra/Train_cif/00x/Lithium_PDOS_00x.csv,train
5bz,pdos,True,1,390,/content/obelix_audit_filtered_spectra/Train_cif/5bz/Lithium_PDOS_5bz.csv,train
fft,pdos,True,1,390,/content/obelix_audit_filtered_spectra/Train_cif/fft/Lithium_PDOS_fft.csv,train
y2l,pdos,True,1,390,/content/obelix_audit_filtered_spectra/Train_cif/y2l/Lithium_PDOS_y2l.csv,train
tbj,pdos,True,1,390,/content/obelix_audit_filtered_spectra/Train_cif/tbj/Lithium_PDOS_tbj.csv,train
clt,pdos,True,1,390,/content/obelix_audit_filtered_spectra/Train_cif/clt/Lithium_PDOS_clt.csv,train
9wf,pdos,True,1,390,/content/obelix_audit_filtered_spectra/Train_cif/9wf/Lithium_PDOS_9wf.csv,train
96f,pdos,True,1,390,/content/obelix_audit_filtered_spectra/Train_cif/96f/Lithium_PDOS_96f.csv,train
a8v,pdos,True,1,390,/content/obelix_audit_filtered_spectra/Train_cif/a8v/Lithium_PDOS_a8v.csv,train
ia5,pdos,True,1,390,/content/obelix_audit_filtered_spectra/Train_cif/ia5/Lithium_PDOS_ia5.csv,train
11b,pdos,True,1,390,/content/obelix_audit_filtered_spectra/Train_cif/11b/Lithium_PDOS_11b.csv,train
nua,pdos,True,1,390,/content/obelix_audit_filtered_spectra/Train_cif/nua/Lithium_PDOS_nua.csv,train
mtn,pdos,True,1,390,/content/obelix_audit_filtered_spectra/Train_cif/mtn/Lithium_PDOS_mtn.csv,train
9ky,pdos,True,1,390,/content/obelix_audit_filtered_spectra/Train_cif/9ky/Lithium_PDOS_9ky.csv,train
kbu,pdos,True,1,390,/content/obelix_audit_filtered_spectra/Train_cif/kbu/Lithium_PDOS_kbu.csv,train
skm,pdos,True,1,390,/content/obelix_audit_filtered_spectra/Train_cif/skm/Lithium_PDOS_skm.csv,train
x2i,pdos,True,1,390,/content/obelix_audit_filtered_spectra/Train_cif/x2i/Lithium_PDOS_x2i.csv,train
uut,pdos,True,1,390,/content/obelix_audit_filtered_spectra/Train_cif/uut/Lithium_PDOS_uut.csv,train
vy5,pdos,True,1,390,/content/obelix_audit_filtered_spectra/Train_cif/vy5/Lithium_PDOS_vy5.csv,train
kop,pdos,True,1,390,/content/obelix_audit_filtered_spectra/Train_cif/kop/Lithium_PDOS_kop.csv,train
qbb,pdos,True,1,390,/content/obelix_audit_filtered_spectra/Train_cif/qbb/Lithium_PDOS_qbb.csv,train
rwr,pdos,True,1,390,/content/obelix_audit_filtered_spectra/Train_cif/rwr/Lithium_PDOS_rwr.csv,train
cdk,pdos,True,1,390,/content/obelix_audit_filtered_spectra/Train_cif/cdk/Lithium_PDOS_cdk.csv,train
n27,pdos,True,1,390,/content/obelix_audit_filtered_spectra/Train_cif/n27/Lithium_PDOS_n27.csv,train
joc,pdos,True,1,390,/content/obelix_audit_filtered_spectra/Train_cif/joc/Lithium_PDOS_joc.csv,train
uox,pdos,True,1,390,/content/obelix_audit_filtered_spectra/Train_cif/uox/Lithium_PDOS_uox.csv,train
jl4,pdos,True,1,390,/content/obelix_audit_filtered_spectra/Train_cif/jl4/Lithium_PDOS_jl4.csv,train
nip,pdos,True,1,390,/content/obelix_audit_filtered_spectra/Train_cif/nip/Lithium_PDOS_nip.csv,train
9s4,pdos,True,1,390,/content/obelix_audit_filtered_spectra/Train_cif/9s4/Lithium_PDOS_9s4.csv,train
fj5,pdos,True,1,390,/content/obelix_audit_filtered_spectra/Train_cif/fj5/Lithium_PDOS_fj5.csv,train
pa1,pdos,True,1,390,/content/obelix_audit_filtered_spectra/Train_cif/pa1/Lithium_PDOS_pa1.csv,train
824,pdos,True,1,390,/content/obelix_audit_filtered_spectra/Train_cif/824/Lithium_PDOS_824.csv,train
3nb,pdos,True,1,390,/content/obelix_audit_filtered_spectra/Train_cif/3nb/Lithium_PDOS_3nb.csv,train
ij5,pdos,True,1,390,/content/obelix_audit_filtered_spectra/Train_cif/ij5/Lithium_PDOS_ij5.csv,train
472,pdos,True,1,390,/content/obelix_audit_filtered_spectra/Train_cif/472/Lithium_PDOS_472.csv,train
kkn,pdos,True,1,390,/content/obelix_audit_filtered_spectra/Train_cif/kkn/Lithium_PDOS_kkn.csv,train
0iv,pdos,True,1,390,/content/obelix_audit_filtered_spectra/Train_cif/0iv/Lithium_PDOS_0iv.csv,train
lpx,pdos,True,1,390,/content/obelix_audit_filtered_spectra/Train_cif/lpx/Lithium_PDOS_lpx.csv,train
3zo,pdos,True,1,390,/content/obelix_audit_filtered_spectra/Train_cif/3zo/Lithium_PDOS_3zo.csv,train
tws,pdos,True,1,390,/content/obelix_audit_filtered_spectra/Train_cif/tws/Lithium_PDOS_tws.csv,train
l9v,pdos,True,1,390,/content/obelix_audit_filtered_spectra/Train_cif/l9v/Lithium_PDOS_l9v.csv,train
c0g,pdos,True,1,390,/content/obelix_audit_filtered_spectra/Train_cif/c0g/Lithium_PDOS_c0g.csv,train
pg8,pdos,True,1,390,/content/obelix_audit_filtered_spectra/Train_cif/pg8/Lithium_PDOS_pg8.csv,train
sg0,pdos,True,1,390,/content/obelix_audit_filtered_spectra/Train_cif/sg0/Lithium_PDOS_sg0.csv,train
5zv,pdos,True,1,390,/content/obelix_audit_filtered_spectra/Train_cif/5zv/Lithium_PDOS_5zv.csv,train
r99,pdos,True,1,390,/content/obelix_audit_filtered_spectra/Train_cif/r99/Lithium_PDOS_r99.csv,train
ik8,pdos,True,1,390,/content/obelix_audit_filtered_spectra/Train_cif/ik8/Lithium_PDOS_ik8.csv,train
3rx,pdos,True,1,390,/content/obelix_audit_filtered_spectra/Train_cif/3rx/Lithium_PDOS_3rx.csv,train
uw9,pdos,True,1,390,/content/obelix_audit_filtered_spectra/Train_cif/uw9/Lithium_PDOS_uw9.csv,train
lol,pdos,True,1,390,/content/obelix_audit_filtered_spectra/Train_cif/lol/Lithium_PDOS_lol.csv,train
6jf,pdos,True,1,390,/content/obelix_audit_filtered_spectra/Train_cif/6jf/Lithium_PDOS_6jf.csv,train
h6c,pdos,True,1,390,/content/obelix_audit_filtered_spectra/Train_cif/h6c/Lithium_PDOS_h6c.csv,train
cju,pdos,True,1,390,/content/obelix_audit_filtered_spectra/Train_cif/cju/Lithium_PDOS_cju.csv,train
4ea,pdos,True,1,390,/content/obelix_audit_filtered_spectra/Train_cif/4ea/Lithium_PDOS_4ea.csv,train
9lo,pdos,True,1,390,/content/obelix_audit_filtered_spectra/Train_cif/9lo/Lithium_PDOS_9lo.csv,train
1xt,pdos,True,1,390,/content/obelix_audit_filtered_spectra/Train_cif/1xt/Lithium_PDOS_1xt.csv,train
0fh,pdos,True,1,390,/content/obelix_audit_filtered_spectra/Train_cif/0fh/Lithium_PDOS_0fh.csv,train
7w5,pdos,True,1,390,/content/obelix_audit_filtered_spectra/Train_cif/7w5/Lithium_PDOS_7w5.csv,train
dth,pdos,True,1,390,/content/obelix_audit_filtered_spectra/Train_cif/dth/Lithium_PDOS_dth.csv,train
gvd,pdos,True,1,390,/content/obelix_audit_filtered_spectra/Train_cif/gvd/Lithium_PDOS_gvd.csv,train
l9r,pdos,True,1,390,/content/obelix_audit_filtered_spectra/Train_cif/l9r/Lithium_PDOS_l9r.csv,train
gkl,pdos,True,1,390,/content/obelix_audit_filtered_spectra/Train_cif/gkl/Lithium_PDOS_gkl.csv,train
uex,pdos,True,1,390,/content/obelix_audit_filtered_spectra/Train_cif/uex/Lithium_PDOS_uex.csv,train
xa0,pdos,True,1,390,/content/obelix_audit_filtered_spectra/Train_cif/xa0/Lithium_PDOS_xa0.csv,train
1kq,pdos,True,1,390,/content/obelix_audit_filtered_spectra/Train_cif/1kq/Lithium_PDOS_1kq.csv,train
pwr,pdos,True,1,390,/content/obelix_audit_filtered_spectra/Train_cif/pwr/Lithium_PDOS_pwr.csv,train
4ba,pdos,True,1,390,/content/obelix_audit_filtered_spectra/Train_cif/4ba/Lithium_PDOS_4ba.csv,train
dae,pdos,True,1,390,/content/obelix_audit_filtered_spectra/Train_cif/dae/Lithium_PDOS_dae.csv,train
vqu,pdos,True,1,390,/content/obelix_audit_filtered_spectra/Train_cif/vqu/Lithium_PDOS_vqu.csv,train
wyu,pdos,True,1,390,/content/obelix_audit_filtered_spectra/Train_cif/wyu/Lithium_PDOS_wyu.csv,train
j8q,pdos,True,1,390,/content/obelix_audit_filtered_spectra/Train_cif/j8q/Lithium_PDOS_j8q.csv,train
mde,pdos,True,1,390,/content/obelix_audit_filtered_spectra/Train_cif/mde/Lithium_PDOS_mde.csv,train
m0v,pdos,True,1,390,/content/obelix_audit_filtered_spectra/Train_cif/m0v/Lithium_PDOS_m0v.csv,train
20k,pdos,True,1,390,/content/obelix_audit_filtered_spectra/Train_cif/20k/Lithium_PDOS_20k.csv,train
3uq,pdos,True,1,390,/content/obelix_audit_filtered_spectra/Train_cif/3uq/Lithium_PDOS_3uq.csv,train
hcm,pdos,True,1,390,/content/obelix_audit_filtered_spectra/Train_cif/hcm/Lithium_PDOS_hcm.csv,train
zzr,pdos,True,1,390,/content/obelix_audit_filtered_spectra/Train_cif/zzr/Lithium_PDOS_zzr.csv,train
122,pdos,True,1,390,/content/obelix_audit_filtered_spectra/Train_cif/122/Lithium_PDOS_122.csv,train
gw2,pdos,True,1,390,/content/obelix_audit_filtered_spectra/Train_cif/gw2/Lithium_PDOS_gw2.csv,train
7ek,pdos,True,1,390,/content/obelix_audit_filtered_spectra/Train_cif/7ek/Lithium_PDOS_7ek.csv,train
qy4,pdos,True,1,390,/content/obelix_audit_filtered_spectra/Train_cif/qy4/Lithium_PDOS_qy4.csv,train
6l9,pdos,True,1,390,/content/obelix_audit_filtered_spectra/Train_cif/6l9/Lithium_PDOS_6l9.csv,train
wsd,dos,True,1,210,/content/obelix_audit_filtered_spectra/Train_cif/wsd/Total_DOS_wsd.csv,train
yqu,dos,True,1,210,/content/obelix_audit_filtered_spectra/Train_cif/yqu/Total_DOS_yqu.csv,train
1xf,dos,True,1,210,/content/obelix_audit_filtered_spectra/Train_cif/1xf/Total_DOS_1xf.csv,train
5z0,dos,True,1,210,/content/obelix_audit_filtered_spectra/Train_cif/5z0/Total_DOS_5z0.csv,train
qno,dos,True,1,210,/content/obelix_audit_filtered_spectra/Train_cif/qno/Total_DOS_qno.csv,train
tka,dos,True,1,210,/content/obelix_audit_filtered_spectra/Train_cif/tka/Total_DOS_tka.csv,train
aui,dos,True,1,210,/content/obelix_audit_filtered_spectra/Train_cif/aui/Total_DOS_aui.csv,train
u0c,dos,True,1,210,/content/obelix_audit_filtered_spectra/Train_cif/u0c/Total_DOS_u0c.csv,train
lkm,dos,True,1,210,/content/obelix_audit_filtered_spectra/Train_cif/lkm/Total_DOS_lkm.csv,train
dc8,dos,True,1,210,/content/obelix_audit_filtered_spectra/Train_cif/dc8/Total_DOS_dc8.csv,train
419,dos,True,1,210,/content/obelix_audit_filtered_spectra/Train_cif/419/Total_DOS_419.csv,train
sqm,dos,True,1,210,/content/obelix_audit_filtered_spectra/Train_cif/sqm/Total_DOS_sqm.csv,train
deu,dos,True,1,210,/content/obelix_audit_filtered_spectra/Train_cif/deu/Total_DOS_deu.csv,train
1m8,dos,True,1,210,/content/obelix_audit_filtered_spectra/Train_cif/1m8/Total_DOS_1m8.csv,train
h82,dos,True,1,210,/content/obelix_audit_filtered_spectra/Train_cif/h82/Total_DOS_h82.csv,train
iiy,dos,True,1,210,/content/obelix_audit_filtered_spectra/Train_cif/iiy/Total_DOS_iiy.csv,train
kbo,dos,True,1,210,/content/obelix_audit_filtered_spectra/Train_cif/kbo/Total_DOS_kbo.csv,train
dvn,dos,True,1,210,/content/obelix_audit_filtered_spectra/Train_cif/dvn/Total_DOS_dvn.csv,train
e81,dos,True,1,210,/content/obelix_audit_filtered_spectra/Train_cif/e81/Total_DOS_e81.csv,train
6du,dos,True,1,210,/content/obelix_audit_filtered_spectra/Train_cif/6du/Total_DOS_6du.csv,train
lrh,dos,True,1,210,/content/obelix_audit_filtered_spectra/Train_cif/lrh/Total_DOS_lrh.csv,train
bq9,dos,True,1,210,/content/obelix_audit_filtered_spectra/Train_cif/bq9/Total_DOS_bq9.csv,train
ymc,dos,True,1,210,/content/obelix_audit_filtered_spectra/Train_cif/ymc/Total_DOS_ymc.csv,train
zxr,dos,True,1,210,/content/obelix_audit_filtered_spectra/Train_cif/zxr/Total_DOS_zxr.csv,train
lxk,dos,True,1,210,/content/obelix_audit_filtered_spectra/Train_cif/lxk/Total_DOS_lxk.csv,train
dlj,dos,True,1,210,/content/obelix_audit_filtered_spectra/Train_cif/dlj/Total_DOS_dlj.csv,train
t2c,dos,True,1,210,/content/obelix_audit_filtered_spectra/Train_cif/t2c/Total_DOS_t2c.csv,train
k4x,dos,True,1,210,/content/obelix_audit_filtered_spectra/Train_cif/k4x/Total_DOS_k4x.csv,train
bsa,dos,True,1,210,/content/obelix_audit_filtered_spectra/Train_cif/bsa/Total_DOS_bsa.csv,train
uu4,dos,True,1,210,/content/obelix_audit_filtered_spectra/Train_cif/uu4/Total_DOS_uu4.csv,train
w7d,dos,True,1,210,/content/obelix_audit_filtered_spectra/Train_cif/w7d/Total_DOS_w7d.csv,train
nig,dos,True,1,210,/content/obelix_audit_filtered_spectra/Train_cif/nig/Total_DOS_nig.csv,train
ueu,dos,True,1,210,/content/obelix_audit_filtered_spectra/Train_cif/ueu/Total_DOS_ueu.csv,train
019,dos,True,1,210,/content/obelix_audit_filtered_spectra/Train_cif/019/Total_DOS_019.csv,train
xas,dos,True,1,210,/content/obelix_audit_filtered_spectra/Train_cif/xas/Total_DOS_xas.csv,train
h7r,dos,True,1,210,/content/obelix_audit_filtered_spectra/Train_cif/h7r/Total_DOS_h7r.csv,train
nhq,dos,True,1,210,/content/obelix_audit_filtered_spectra/Train_cif/nhq/Total_DOS_nhq.csv,train
ysm,dos,True,1,210,/content/obelix_audit_filtered_spectra/Train_cif/ysm/Total_DOS_ysm.csv,train
95j,dos,True,1,210,/content/obelix_audit_filtered_spectra/Train_cif/95j/Total_DOS_95j.csv,train
an2,dos,True,1,210,/content/obelix_audit_filtered_spectra/Train_cif/an2/Total_DOS_an2.csv,train
97p,dos,True,1,210,/content/obelix_audit_filtered_spectra/Train_cif/97p/Total_DOS_97p.csv,train
97b,dos,True,1,210,/content/obelix_audit_filtered_spectra/Train_cif/97b/Total_DOS_97b.csv,train
z9y,dos,True,1,210,/content/obelix_audit_filtered_spectra/Train_cif/z9y/Total_DOS_z9y.csv,train
d9l,dos,True,1,210,/content/obelix_audit_filtered_spectra/Train_cif/d9l/Total_DOS_d9l.csv,train
bjw,dos,True,1,210,/content/obelix_audit_filtered_spectra/Train_cif/bjw/Total_DOS_bjw.csv,train
d7f,dos,True,1,210,/content/obelix_audit_filtered_spectra/Train_cif/d7f/Total_DOS_d7f.csv,train
i12,dos,True,1,210,/content/obelix_audit_filtered_spectra/Train_cif/i12/Total_DOS_i12.csv,train
883,dos,True,1,210,/content/obelix_audit_filtered_spectra/Train_cif/883/Total_DOS_883.csv,train
jkq,dos,True,1,210,/content/obelix_audit_filtered_spectra/Train_cif/jkq/Total_DOS_jkq.csv,train
e6a,dos,True,1,210,/content/obelix_audit_filtered_spectra/Train_cif/e6a/Total_DOS_e6a.csv,train
4kt,dos,True,1,210,/content/obelix_audit_filtered_spectra/Train_cif/4kt/Total_DOS_4kt.csv,train
jqc,dos,True,1,210,/content/obelix_audit_filtered_spectra/Train_cif/jqc/Total_DOS_jqc.csv,train
fkj,dos,True,1,210,/content/obelix_audit_filtered_spectra/Train_cif/fkj/Total_DOS_fkj.csv,train
ka6,dos,True,1,210,/content/obelix_audit_filtered_spectra/Train_cif/ka6/Total_DOS_ka6.csv,train
9zk,dos,True,1,210,/content/obelix_audit_filtered_spectra/Train_cif/9zk/Total_DOS_9zk.csv,train
9rc,dos,True,1,210,/content/obelix_audit_filtered_spectra/Train_cif/9rc/Total_DOS_9rc.csv,train
8ub,dos,True,1,210,/content/obelix_audit_filtered_spectra/Train_cif/8ub/Total_DOS_8ub.csv,train
uxi,dos,True,1,210,/content/obelix_audit_filtered_spectra/Train_cif/uxi/Total_DOS_uxi.csv,train
bi3,dos,True,1,210,/content/obelix_audit_filtered_spectra/Train_cif/bi3/Total_DOS_bi3.csv,train
kab,dos,True,1,210,/content/obelix_audit_filtered_spectra/Train_cif/kab/Total_DOS_kab.csv,train
be9,dos,True,1,210,/content/obelix_audit_filtered_spectra/Train_cif/be9/Total_DOS_be9.csv,train
bv2,dos,True,1,210,/content/obelix_audit_filtered_spectra/Train_cif/bv2/Total_DOS_bv2.csv,train
ldx,dos,True,1,210,/content/obelix_audit_filtered_spectra/Train_cif/ldx/Total_DOS_ldx.csv,train
hja,dos,True,1,210,/content/obelix_audit_filtered_spectra/Train_cif/hja/Total_DOS_hja.csv,train
kbq,dos,True,1,210,/content/obelix_audit_filtered_spectra/Train_cif/kbq/Total_DOS_kbq.csv,train
p9u,dos,True,1,210,/content/obelix_audit_filtered_spectra/Train_cif/p9u/Total_DOS_p9u.csv,train
7e5,dos,True,1,210,/content/obelix_audit_filtered_spectra/Train_cif/7e5/Total_DOS_7e5.csv,train
t0h,dos,True,1,210,/content/obelix_audit_filtered_spectra/Train_cif/t0h/Total_DOS_t0h.csv,train
2wb,dos,True,1,210,/content/obelix_audit_filtered_spectra/Train_cif/2wb/Total_DOS_2wb.csv,train
uxo,dos,True,1,210,/content/obelix_audit_filtered_spectra/Train_cif/uxo/Total_DOS_uxo.csv,train
47i,dos,True,1,210,/content/obelix_audit_filtered_spectra/Train_cif/47i/Total_DOS_47i.csv,train
o5q,dos,True,1,210,/content/obelix_audit_filtered_spectra/Train_cif/o5q/Total_DOS_o5q.csv,train
mfs,dos,True,1,210,/content/obelix_audit_filtered_spectra/Train_cif/mfs/Total_DOS_mfs.csv,train
kmv,dos,True,1,210,/content/obelix_audit_filtered_spectra/Train_cif/kmv/Total_DOS_kmv.csv,train
ur9,dos,True,1,210,/content/obelix_audit_filtered_spectra/Train_cif/ur9/Total_DOS_ur9.csv,train
pbz,dos,True,1,210,/content/obelix_audit_filtered_spectra/Train_cif/pbz/Total_DOS_pbz.csv,train
ek5,dos,True,1,210,/content/obelix_audit_filtered_spectra/Train_cif/ek5/Total_DOS_ek5.csv,train
7o7,dos,True,1,210,/content/obelix_audit_filtered_spectra/Train_cif/7o7/Total_DOS_7o7.csv,train
goi,dos,True,1,210,/content/obelix_audit_filtered_spectra/Train_cif/goi/Total_DOS_goi.csv,train
13q,dos,True,1,210,/content/obelix_audit_filtered_spectra/Train_cif/13q/Total_DOS_13q.csv,train
ym6,dos,True,1,210,/content/obelix_audit_filtered_spectra/Train_cif/ym6/Total_DOS_ym6.csv,train
usu,dos,True,1,210,/content/obelix_audit_filtered_spectra/Train_cif/usu/Total_DOS_usu.csv,train
yav,dos,True,1,210,/content/obelix_audit_filtered_spectra/Train_cif/yav/Total_DOS_yav.csv,train
kko,dos,True,1,210,/content/obelix_audit_filtered_spectra/Train_cif/kko/Total_DOS_kko.csv,train
kfp,dos,True,1,210,/content/obelix_audit_filtered_spectra/Train_cif/kfp/Total_DOS_kfp.csv,train
5wz,dos,True,1,210,/content/obelix_audit_filtered_spectra/Train_cif/5wz/Total_DOS_5wz.csv,train
x2v,dos,True,1,210,/content/obelix_audit_filtered_spectra/Train_cif/x2v/Total_DOS_x2v.csv,train
iqt,dos,True,1,210,/content/obelix_audit_filtered_spectra/Train_cif/iqt/Total_DOS_iqt.csv,train
1dm,dos,True,1,210,/content/obelix_audit_filtered_spectra/Train_cif/1dm/Total_DOS_1dm.csv,train
bnh,dos,True,1,210,/content/obelix_audit_filtered_spectra/Train_cif/bnh/Total_DOS_bnh.csv,train
ix1,dos,True,1,210,/content/obelix_audit_filtered_spectra/Train_cif/ix1/Total_DOS_ix1.csv,train
68u,dos,True,1,210,/content/obelix_audit_filtered_spectra/Train_cif/68u/Total_DOS_68u.csv,train
9zr,dos,True,1,210,/content/obelix_audit_filtered_spectra/Train_cif/9zr/Total_DOS_9zr.csv,train
240,dos,True,1,210,/content/obelix_audit_filtered_spectra/Train_cif/240/Total_DOS_240.csv,train
c6e,dos,True,1,210,/content/obelix_audit_filtered_spectra/Train_cif/c6e/Total_DOS_c6e.csv,train
2t8,dos,True,1,210,/content/obelix_audit_filtered_spectra/Train_cif/2t8/Total_DOS_2t8.csv,train
vj7,dos,True,1,210,/content/obelix_audit_filtered_spectra/Train_cif/vj7/Total_DOS_vj7.csv,train
10s,dos,True,1,210,/content/obelix_audit_filtered_spectra/Train_cif/10s/Total_DOS_10s.csv,train
ish,dos,True,1,210,/content/obelix_audit_filtered_spectra/Train_cif/ish/Total_DOS_ish.csv,train
ui6,dos,True,1,210,/content/obelix_audit_filtered_spectra/Train_cif/ui6/Total_DOS_ui6.csv,train
ywe,dos,True,1,210,/content/obelix_audit_filtered_spectra/Train_cif/ywe/Total_DOS_ywe.csv,train
qa9,dos,True,1,210,/content/obelix_audit_filtered_spectra/Train_cif/qa9/Total_DOS_qa9.csv,train
1e9,dos,True,1,210,/content/obelix_audit_filtered_spectra/Train_cif/1e9/Total_DOS_1e9.csv,train
uaz,dos,True,1,210,/content/obelix_audit_filtered_spectra/Train_cif/uaz/Total_DOS_uaz.csv,train
7tu,dos,True,1,210,/content/obelix_audit_filtered_spectra/Train_cif/7tu/Total_DOS_7tu.csv,train
hbz,dos,True,1,210,/content/obelix_audit_filtered_spectra/Train_cif/hbz/Total_DOS_hbz.csv,train
mq1,dos,True,1,210,/content/obelix_audit_filtered_spectra/Train_cif/mq1/Total_DOS_mq1.csv,train
9ph,dos,True,1,210,/content/obelix_audit_filtered_spectra/Train_cif/9ph/Total_DOS_9ph.csv,train
tvf,dos,True,1,210,/content/obelix_audit_filtered_spectra/Train_cif/tvf/Total_DOS_tvf.csv,train
my9,dos,True,1,210,/content/obelix_audit_filtered_spectra/Train_cif/my9/Total_DOS_my9.csv,train
z7n,dos,True,1,210,/content/obelix_audit_filtered_spectra/Train_cif/z7n/Total_DOS_z7n.csv,train
09w,dos,True,1,210,/content/obelix_audit_filtered_spectra/Train_cif/09w/Total_DOS_09w.csv,train
kgl,dos,True,1,210,/content/obelix_audit_filtered_spectra/Train_cif/kgl/Total_DOS_kgl.csv,train
xut,dos,True,1,210,/content/obelix_audit_filtered_spectra/Train_cif/xut/Total_DOS_xut.csv,train
opo,dos,True,1,210,/content/obelix_audit_filtered_spectra/Train_cif/opo/Total_DOS_opo.csv,train
w87,dos,True,1,210,/content/obelix_audit_filtered_spectra/Train_cif/w87/Total_DOS_w87.csv,train
gcj,dos,True,1,210,/content/obelix_audit_filtered_spectra/Train_cif/gcj/Total_DOS_gcj.csv,train
xz4,dos,True,1,210,/content/obelix_audit_filtered_spectra/Train_cif/xz4/Total_DOS_xz4.csv,train
oi6,dos,True,1,210,/content/obelix_audit_filtered_spectra/Train_cif/oi6/Total_DOS_oi6.csv,train
hai,dos,True,1,210,/content/obelix_audit_filtered_spectra/Train_cif/hai/Total_DOS_hai.csv,train
gz8,dos,True,1,210,/content/obelix_audit_filtered_spectra/Train_cif/gz8/Total_DOS_gz8.csv,train
z2s,dos,True,1,210,/content/obelix_audit_filtered_spectra/Train_cif/z2s/Total_DOS_z2s.csv,train
gxz,dos,True,1,210,/content/obelix_audit_filtered_spectra/Train_cif/gxz/Total_DOS_gxz.csv,train
rty,dos,True,1,210,/content/obelix_audit_filtered_spectra/Train_cif/rty/Total_DOS_rty.csv,train
lap,dos,True,1,210,/content/obelix_audit_filtered_spectra/Train_cif/lap/Total_DOS_lap.csv,train
fwz,dos,True,1,210,/content/obelix_audit_filtered_spectra/Train_cif/fwz/Total_DOS_fwz.csv,train
vqj,dos,True,1,210,/content/obelix_audit_filtered_spectra/Train_cif/vqj/Total_DOS_vqj.csv,train
pe2,dos,True,1,210,/content/obelix_audit_filtered_spectra/Train_cif/pe2/Total_DOS_pe2.csv,train
xub,dos,True,1,210,/content/obelix_audit_filtered_spectra/Train_cif/xub/Total_DOS_xub.csv,train
pql,dos,True,1,210,/content/obelix_audit_filtered_spectra/Train_cif/pql/Total_DOS_pql.csv,train
h89,dos,True,1,210,/content/obelix_audit_filtered_spectra/Train_cif/h89/Total_DOS_h89.csv,train
yq2,dos,True,1,210,/content/obelix_audit_filtered_spectra/Train_cif/yq2/Total_DOS_yq2.csv,train
00x,dos,True,1,210,/content/obelix_audit_filtered_spectra/Train_cif/00x/Total_DOS_00x.csv,train
5bz,dos,True,1,210,/content/obelix_audit_filtered_spectra/Train_cif/5bz/Total_DOS_5bz.csv,train
fft,dos,True,1,210,/content/obelix_audit_filtered_spectra/Train_cif/fft/Total_DOS_fft.csv,train
y2l,dos,True,1,210,/content/obelix_audit_filtered_spectra/Train_cif/y2l/Total_DOS_y2l.csv,train
tbj,dos,True,1,210,/content/obelix_audit_filtered_spectra/Train_cif/tbj/Total_DOS_tbj.csv,train
clt,dos,True,1,210,/content/obelix_audit_filtered_spectra/Train_cif/clt/Total_DOS_clt.csv,train
9wf,dos,True,1,210,/content/obelix_audit_filtered_spectra/Train_cif/9wf/Total_DOS_9wf.csv,train
96f,dos,True,1,210,/content/obelix_audit_filtered_spectra/Train_cif/96f/Total_DOS_96f.csv,train
a8v,dos,True,1,210,/content/obelix_audit_filtered_spectra/Train_cif/a8v/Total_DOS_a8v.csv,train
ia5,dos,True,1,210,/content/obelix_audit_filtered_spectra/Train_cif/ia5/Total_DOS_ia5.csv,train
11b,dos,True,1,210,/content/obelix_audit_filtered_spectra/Train_cif/11b/Total_DOS_11b.csv,train
nua,dos,True,1,210,/content/obelix_audit_filtered_spectra/Train_cif/nua/Total_DOS_nua.csv,train
mtn,dos,True,1,210,/content/obelix_audit_filtered_spectra/Train_cif/mtn/Total_DOS_mtn.csv,train
9ky,dos,True,1,210,/content/obelix_audit_filtered_spectra/Train_cif/9ky/Total_DOS_9ky.csv,train
kbu,dos,True,1,210,/content/obelix_audit_filtered_spectra/Train_cif/kbu/Total_DOS_kbu.csv,train
skm,dos,True,1,210,/content/obelix_audit_filtered_spectra/Train_cif/skm/Total_DOS_skm.csv,train
x2i,dos,True,1,210,/content/obelix_audit_filtered_spectra/Train_cif/x2i/Total_DOS_x2i.csv,train
uut,dos,True,1,210,/content/obelix_audit_filtered_spectra/Train_cif/uut/Total_DOS_uut.csv,train
vy5,dos,True,1,210,/content/obelix_audit_filtered_spectra/Train_cif/vy5/Total_DOS_vy5.csv,train
kop,dos,True,1,210,/content/obelix_audit_filtered_spectra/Train_cif/kop/Total_DOS_kop.csv,train
qbb,dos,True,1,210,/content/obelix_audit_filtered_spectra/Train_cif/qbb/Total_DOS_qbb.csv,train
rwr,dos,True,1,210,/content/obelix_audit_filtered_spectra/Train_cif/rwr/Total_DOS_rwr.csv,train
cdk,dos,True,1,210,/content/obelix_audit_filtered_spectra/Train_cif/cdk/Total_DOS_cdk.csv,train
n27,dos,True,1,210,/content/obelix_audit_filtered_spectra/Train_cif/n27/Total_DOS_n27.csv,train
joc,dos,True,1,210,/content/obelix_audit_filtered_spectra/Train_cif/joc/Total_DOS_joc.csv,train
uox,dos,True,1,210,/content/obelix_audit_filtered_spectra/Train_cif/uox/Total_DOS_uox.csv,train
jl4,dos,True,1,210,/content/obelix_audit_filtered_spectra/Train_cif/jl4/Total_DOS_jl4.csv,train
nip,dos,True,1,210,/content/obelix_audit_filtered_spectra/Train_cif/nip/Total_DOS_nip.csv,train
9s4,dos,True,1,210,/content/obelix_audit_filtered_spectra/Train_cif/9s4/Total_DOS_9s4.csv,train
fj5,dos,True,1,210,/content/obelix_audit_filtered_spectra/Train_cif/fj5/Total_DOS_fj5.csv,train
pa1,dos,True,1,210,/content/obelix_audit_filtered_spectra/Train_cif/pa1/Total_DOS_pa1.csv,train
824,dos,True,1,210,/content/obelix_audit_filtered_spectra/Train_cif/824/Total_DOS_824.csv,train
3nb,dos,True,1,210,/content/obelix_audit_filtered_spectra/Train_cif/3nb/Total_DOS_3nb.csv,train
ij5,dos,True,1,210,/content/obelix_audit_filtered_spectra/Train_cif/ij5/Total_DOS_ij5.csv,train
472,dos,True,1,210,/content/obelix_audit_filtered_spectra/Train_cif/472/Total_DOS_472.csv,train
kkn,dos,True,1,210,/content/obelix_audit_filtered_spectra/Train_cif/kkn/Total_DOS_kkn.csv,train
0iv,dos,True,1,210,/content/obelix_audit_filtered_spectra/Train_cif/0iv/Total_DOS_0iv.csv,train
lpx,dos,True,1,210,/content/obelix_audit_filtered_spectra/Train_cif/lpx/Total_DOS_lpx.csv,train
3zo,dos,True,1,210,/content/obelix_audit_filtered_spectra/Train_cif/3zo/Total_DOS_3zo.csv,train
tws,dos,True,1,210,/content/obelix_audit_filtered_spectra/Train_cif/tws/Total_DOS_tws.csv,train
l9v,dos,True,1,210,/content/obelix_audit_filtered_spectra/Train_cif/l9v/Total_DOS_l9v.csv,train
c0g,dos,True,1,210,/content/obelix_audit_filtered_spectra/Train_cif/c0g/Total_DOS_c0g.csv,train
pg8,dos,True,1,210,/content/obelix_audit_filtered_spectra/Train_cif/pg8/Total_DOS_pg8.csv,train
sg0,dos,True,1,210,/content/obelix_audit_filtered_spectra/Train_cif/sg0/Total_DOS_sg0.csv,train
5zv,dos,True,1,210,/content/obelix_audit_filtered_spectra/Train_cif/5zv/Total_DOS_5zv.csv,train
r99,dos,True,1,210,/content/obelix_audit_filtered_spectra/Train_cif/r99/Total_DOS_r99.csv,train
ik8,dos,True,1,210,/content/obelix_audit_filtered_spectra/Train_cif/ik8/Total_DOS_ik8.csv,train
3rx,dos,True,1,210,/content/obelix_audit_filtered_spectra/Train_cif/3rx/Total_DOS_3rx.csv,train
uw9,dos,True,1,210,/content/obelix_audit_filtered_spectra/Train_cif/uw9/Total_DOS_uw9.csv,train
lol,dos,True,1,210,/content/obelix_audit_filtered_spectra/Train_cif/lol/Total_DOS_lol.csv,train
6jf,dos,True,1,210,/content/obelix_audit_filtered_spectra/Train_cif/6jf/Total_DOS_6jf.csv,train
h6c,dos,True,1,210,/content/obelix_audit_filtered_spectra/Train_cif/h6c/Total_DOS_h6c.csv,train
cju,dos,True,1,210,/content/obelix_audit_filtered_spectra/Train_cif/cju/Total_DOS_cju.csv,train
4ea,dos,True,1,210,/content/obelix_audit_filtered_spectra/Train_cif/4ea/Total_DOS_4ea.csv,train
9lo,dos,True,1,210,/content/obelix_audit_filtered_spectra/Train_cif/9lo/Total_DOS_9lo.csv,train
1xt,dos,True,1,210,/content/obelix_audit_filtered_spectra/Train_cif/1xt/Total_DOS_1xt.csv,train
0fh,dos,True,1,210,/content/obelix_audit_filtered_spectra/Train_cif/0fh/Total_DOS_0fh.csv,train
7w5,dos,True,1,210,/content/obelix_audit_filtered_spectra/Train_cif/7w5/Total_DOS_7w5.csv,train
dth,dos,True,1,210,/content/obelix_audit_filtered_spectra/Train_cif/dth/Total_DOS_dth.csv,train
gvd,dos,True,1,210,/content/obelix_audit_filtered_spectra/Train_cif/gvd/Total_DOS_gvd.csv,train
l9r,dos,True,1,210,/content/obelix_audit_filtered_spectra/Train_cif/l9r/Total_DOS_l9r.csv,train
gkl,dos,True,1,210,/content/obelix_audit_filtered_spectra/Train_cif/gkl/Total_DOS_gkl.csv,train
uex,dos,True,1,210,/content/obelix_audit_filtered_spectra/Train_cif/uex/Total_DOS_uex.csv,train
xa0,dos,True,1,210,/content/obelix_audit_filtered_spectra/Train_cif/xa0/Total_DOS_xa0.csv,train
1kq,dos,True,1,210,/content/obelix_audit_filtered_spectra/Train_cif/1kq/Total_DOS_1kq.csv,train
pwr,dos,True,1,210,/content/obelix_audit_filtered_spectra/Train_cif/pwr/Total_DOS_pwr.csv,train
4ba,dos,True,1,210,/content/obelix_audit_filtered_spectra/Train_cif/4ba/Total_DOS_4ba.csv,train
dae,dos,True,1,210,/content/obelix_audit_filtered_spectra/Train_cif/dae/Total_DOS_dae.csv,train
vqu,dos,True,1,210,/content/obelix_audit_filtered_spectra/Train_cif/vqu/Total_DOS_vqu.csv,train
wyu,dos,True,1,210,/content/obelix_audit_filtered_spectra/Train_cif/wyu/Total_DOS_wyu.csv,train
j8q,dos,True,1,210,/content/obelix_audit_filtered_spectra/Train_cif/j8q/Total_DOS_j8q.csv,train
mde,dos,True,1,210,/content/obelix_audit_filtered_spectra/Train_cif/mde/Total_DOS_mde.csv,train
m0v,dos,True,1,210,/content/obelix_audit_filtered_spectra/Train_cif/m0v/Total_DOS_m0v.csv,train
20k,dos,True,1,210,/content/obelix_audit_filtered_spectra/Train_cif/20k/Total_DOS_20k.csv,train
3uq,dos,True,1,210,/content/obelix_audit_filtered_spectra/Train_cif/3uq/Total_DOS_3uq.csv,train
hcm,dos,True,1,210,/content/obelix_audit_filtered_spectra/Train_cif/hcm/Total_DOS_hcm.csv,train
zzr,dos,True,1,210,/content/obelix_audit_filtered_spectra/Train_cif/zzr/Total_DOS_zzr.csv,train
122,dos,True,1,210,/content/obelix_audit_filtered_spectra/Train_cif/122/Total_DOS_122.csv,train
gw2,dos,True,1,210,/content/obelix_audit_filtered_spectra/Train_cif/gw2/Total_DOS_gw2.csv,train
7ek,dos,True,1,210,/content/obelix_audit_filtered_spectra/Train_cif/7ek/Total_DOS_7ek.csv,train
qy4,dos,True,1,210,/content/obelix_audit_filtered_spectra/Train_cif/qy4/Total_DOS_qy4.csv,train
6l9,dos,True,1,210,/content/obelix_audit_filtered_spectra/Train_cif/6l9/Total_DOS_6l9.csv,train
elz,pdos,True,1,390,/content/obelix_audit_filtered_spectra/Test_cif/elz/Lithium_PDOS_elz.csv,test
ard,pdos,True,1,390,/content/obelix_audit_filtered_spectra/Test_cif/ard/Lithium_PDOS_ard.csv,test
jy6,pdos,True,1,390,/content/obelix_audit_filtered_spectra/Test_cif/jy6/Lithium_PDOS_jy6.csv,test
me3,pdos,True,1,390,/content/obelix_audit_filtered_spectra/Test_cif/me3/Lithium_PDOS_me3.csv,test
mfu,pdos,True,1,390,/content/obelix_audit_filtered_spectra/Test_cif/mfu/Lithium_PDOS_mfu.csv,test
b56,pdos,True,1,390,/content/obelix_audit_filtered_spectra/Test_cif/b56/Lithium_PDOS_b56.csv,test
cfy,pdos,True,1,390,/content/obelix_audit_filtered_spectra/Test_cif/cfy/Lithium_PDOS_cfy.csv,test
ipo,pdos,True,1,390,/content/obelix_audit_filtered_spectra/Test_cif/ipo/Lithium_PDOS_ipo.csv,test
vwy,pdos,True,1,390,/content/obelix_audit_filtered_spectra/Test_cif/vwy/Lithium_PDOS_vwy.csv,test
br1,pdos,True,1,390,/content/obelix_audit_filtered_spectra/Test_cif/br1/Lithium_PDOS_br1.csv,test
p81,pdos,True,1,390,/content/obelix_audit_filtered_spectra/Test_cif/p81/Lithium_PDOS_p81.csv,test
2uv,pdos,True,1,390,/content/obelix_audit_filtered_spectra/Test_cif/2uv/Lithium_PDOS_2uv.csv,test
s2v,pdos,True,1,390,/content/obelix_audit_filtered_spectra/Test_cif/s2v/Lithium_PDOS_s2v.csv,test
wa3,pdos,True,1,390,/content/obelix_audit_filtered_spectra/Test_cif/wa3/Lithium_PDOS_wa3.csv,test
aab,pdos,True,1,390,/content/obelix_audit_filtered_spectra/Test_cif/aab/Lithium_PDOS_aab.csv,test
ar1,pdos,True,1,390,/content/obelix_audit_filtered_spectra/Test_cif/ar1/Lithium_PDOS_ar1.csv,test
wgw,pdos,True,1,390,/content/obelix_audit_filtered_spectra/Test_cif/wgw/Lithium_PDOS_wgw.csv,test
4p7,pdos,True,1,390,/content/obelix_audit_filtered_spectra/Test_cif/4p7/Lithium_PDOS_4p7.csv,test
ux3,pdos,True,1,390,/content/obelix_audit_filtered_spectra/Test_cif/ux3/Lithium_PDOS_ux3.csv,test
bnu,pdos,True,1,390,/content/obelix_audit_filtered_spectra/Test_cif/bnu/Lithium_PDOS_bnu.csv,test
de5,pdos,True,1,390,/content/obelix_audit_filtered_spectra/Test_cif/de5/Lithium_PDOS_de5.csv,test
ob9,pdos,True,1,390,/content/obelix_audit_filtered_spectra/Test_cif/ob9/Lithium_PDOS_ob9.csv,test
ecp,pdos,True,1,390,/content/obelix_audit_filtered_spectra/Test_cif/ecp/Lithium_PDOS_ecp.csv,test
l6h,pdos,True,1,390,/content/obelix_audit_filtered_spectra/Test_cif/l6h/Lithium_PDOS_l6h.csv,test
h5i,pdos,True,1,390,/content/obelix_audit_filtered_spectra/Test_cif/h5i/Lithium_PDOS_h5i.csv,test
mdp,pdos,True,1,390,/content/obelix_audit_filtered_spectra/Test_cif/mdp/Lithium_PDOS_mdp.csv,test
7cr,pdos,True,1,390,/content/obelix_audit_filtered_spectra/Test_cif/7cr/Lithium_PDOS_7cr.csv,test
gwu,pdos,True,1,390,/content/obelix_audit_filtered_spectra/Test_cif/gwu/Lithium_PDOS_gwu.csv,test
kxw,pdos,True,1,390,/content/obelix_audit_filtered_spectra/Test_cif/kxw/Lithium_PDOS_kxw.csv,test
o0a,pdos,True,1,390,/content/obelix_audit_filtered_spectra/Test_cif/o0a/Lithium_PDOS_o0a.csv,test
ro9,pdos,True,1,390,/content/obelix_audit_filtered_spectra/Test_cif/ro9/Lithium_PDOS_ro9.csv,test
2r7,pdos,True,1,390,/content/obelix_audit_filtered_spectra/Test_cif/2r7/Lithium_PDOS_2r7.csv,test
zs0,pdos,True,1,390,/content/obelix_audit_filtered_spectra/Test_cif/zs0/Lithium_PDOS_zs0.csv,test
ei3,pdos,True,1,390,/content/obelix_audit_filtered_spectra/Test_cif/ei3/Lithium_PDOS_ei3.csv,test
um1,pdos,True,1,390,/content/obelix_audit_filtered_spectra/Test_cif/um1/Lithium_PDOS_um1.csv,test
i47,pdos,True,1,390,/content/obelix_audit_filtered_spectra/Test_cif/i47/Lithium_PDOS_i47.csv,test
xq3,pdos,True,1,390,/content/obelix_audit_filtered_spectra/Test_cif/xq3/Lithium_PDOS_xq3.csv,test
cz2,pdos,True,1,390,/content/obelix_audit_filtered_spectra/Test_cif/cz2/Lithium_PDOS_cz2.csv,test
9o6,pdos,True,1,390,/content/obelix_audit_filtered_spectra/Test_cif/9o6/Lithium_PDOS_9o6.csv,test
l2w,pdos,True,1,390,/content/obelix_audit_filtered_spectra/Test_cif/l2w/Lithium_PDOS_l2w.csv,test
9n0,pdos,True,1,390,/content/obelix_audit_filtered_spectra/Test_cif/9n0/Lithium_PDOS_9n0.csv,test
24k,pdos,True,1,390,/content/obelix_audit_filtered_spectra/Test_cif/24k/Lithium_PDOS_24k.csv,test
klr,pdos,True,1,390,/content/obelix_audit_filtered_spectra/Test_cif/klr/Lithium_PDOS_klr.csv,test
zv5,pdos,True,1,390,/content/obelix_audit_filtered_spectra/Test_cif/zv5/Lithium_PDOS_zv5.csv,test
dvb,pdos,True,1,390,/content/obelix_audit_filtered_spectra/Test_cif/dvb/Lithium_PDOS_dvb.csv,test
mtr,pdos,True,1,390,/content/obelix_audit_filtered_spectra/Test_cif/mtr/Lithium_PDOS_mtr.csv,test
1ty,pdos,True,1,390,/content/obelix_audit_filtered_spectra/Test_cif/1ty/Lithium_PDOS_1ty.csv,test
j5g,pdos,True,1,390,/content/obelix_audit_filtered_spectra/Test_cif/j5g/Lithium_PDOS_j5g.csv,test
elz,dos,True,1,210,/content/obelix_audit_filtered_spectra/Test_cif/elz/Total_DOS_elz.csv,test
ard,dos,True,1,210,/content/obelix_audit_filtered_spectra/Test_cif/ard/Total_DOS_ard.csv,test
jy6,dos,True,1,210,/content/obelix_audit_filtered_spectra/Test_cif/jy6/Total_DOS_jy6.csv,test
me3,dos,True,1,210,/content/obelix_audit_filtered_spectra/Test_cif/me3/Total_DOS_me3.csv,test
mfu,dos,True,1,210,/content/obelix_audit_filtered_spectra/Test_cif/mfu/Total_DOS_mfu.csv,test
b56,dos,True,1,210,/content/obelix_audit_filtered_spectra/Test_cif/b56/Total_DOS_b56.csv,test
cfy,dos,True,1,210,/content/obelix_audit_filtered_spectra/Test_cif/cfy/Total_DOS_cfy.csv,test
ipo,dos,True,1,210,/content/obelix_audit_filtered_spectra/Test_cif/ipo/Total_DOS_ipo.csv,test
vwy,dos,True,1,210,/content/obelix_audit_filtered_spectra/Test_cif/vwy/Total_DOS_vwy.csv,test
br1,dos,True,1,210,/content/obelix_audit_filtered_spectra/Test_cif/br1/Total_DOS_br1.csv,test
p81,dos,True,1,210,/content/obelix_audit_filtered_spectra/Test_cif/p81/Total_DOS_p81.csv,test
2uv,dos,True,1,210,/content/obelix_audit_filtered_spectra/Test_cif/2uv/Total_DOS_2uv.csv,test
s2v,dos,True,1,210,/content/obelix_audit_filtered_spectra/Test_cif/s2v/Total_DOS_s2v.csv,test
wa3,dos,True,1,210,/content/obelix_audit_filtered_spectra/Test_cif/wa3/Total_DOS_wa3.csv,test
aab,dos,True,1,210,/content/obelix_audit_filtered_spectra/Test_cif/aab/Total_DOS_aab.csv,test
ar1,dos,True,1,210,/content/obelix_audit_filtered_spectra/Test_cif/ar1/Total_DOS_ar1.csv,test
wgw,dos,True,1,210,/content/obelix_audit_filtered_spectra/Test_cif/wgw/Total_DOS_wgw.csv,test
4p7,dos,True,1,210,/content/obelix_audit_filtered_spectra/Test_cif/4p7/Total_DOS_4p7.csv,test
ux3,dos,True,1,210,/content/obelix_audit_filtered_spectra/Test_cif/ux3/Total_DOS_ux3.csv,test
bnu,dos,True,1,210,/content/obelix_audit_filtered_spectra/Test_cif/bnu/Total_DOS_bnu.csv,test
de5,dos,True,1,210,/content/obelix_audit_filtered_spectra/Test_cif/de5/Total_DOS_de5.csv,test
ob9,dos,True,1,210,/content/obelix_audit_filtered_spectra/Test_cif/ob9/Total_DOS_ob9.csv,test
ecp,dos,True,1,210,/content/obelix_audit_filtered_spectra/Test_cif/ecp/Total_DOS_ecp.csv,test
l6h,dos,True,1,210,/content/obelix_audit_filtered_spectra/Test_cif/l6h/Total_DOS_l6h.csv,test
h5i,dos,True,1,210,/content/obelix_audit_filtered_spectra/Test_cif/h5i/Total_DOS_h5i.csv,test
mdp,dos,True,1,210,/content/obelix_audit_filtered_spectra/Test_cif/mdp/Total_DOS_mdp.csv,test
7cr,dos,True,1,210,/content/obelix_audit_filtered_spectra/Test_cif/7cr/Total_DOS_7cr.csv,test
gwu,dos,True,1,210,/content/obelix_audit_filtered_spectra/Test_cif/gwu/Total_DOS_gwu.csv,test
kxw,dos,True,1,210,/content/obelix_audit_filtered_spectra/Test_cif/kxw/Total_DOS_kxw.csv,test
o0a,dos,True,1,210,/content/obelix_audit_filtered_spectra/Test_cif/o0a/Total_DOS_o0a.csv,test
ro9,dos,True,1,210,/content/obelix_audit_filtered_spectra/Test_cif/ro9/Total_DOS_ro9.csv,test
2r7,dos,True,1,210,/content/obelix_audit_filtered_spectra/Test_cif/2r7/Total_DOS_2r7.csv,test
zs0,dos,True,1,210,/content/obelix_audit_filtered_spectra/Test_cif/zs0/Total_DOS_zs0.csv,test
ei3,dos,True,1,210,/content/obelix_audit_filtered_spectra/Test_cif/ei3/Total_DOS_ei3.csv,test
um1,dos,True,1,210,/content/obelix_audit_filtered_spectra/Test_cif/um1/Total_DOS_um1.csv,test
i47,dos,True,1,210,/content/obelix_audit_filtered_spectra/Test_cif/i47/Total_DOS_i47.csv,test
xq3,dos,True,1,210,/content/obelix_audit_filtered_spectra/Test_cif/xq3/Total_DOS_xq3.csv,test
cz2,dos,True,1,210,/content/obelix_audit_filtered_spectra/Test_cif/cz2/Total_DOS_cz2.csv,test
9o6,dos,True,1,210,/content/obelix_audit_filtered_spectra/Test_cif/9o6/Total_DOS_9o6.csv,test
l2w,dos,True,1,210,/content/obelix_audit_filtered_spectra/Test_cif/l2w/Total_DOS_l2w.csv,test
9n0,dos,True,1,210,/content/obelix_audit_filtered_spectra/Test_cif/9n0/Total_DOS_9n0.csv,test
24k,dos,True,1,210,/content/obelix_audit_filtered_spectra/Test_cif/24k/Total_DOS_24k.csv,test
klr,dos,True,1,210,/content/obelix_audit_filtered_spectra/Test_cif/klr/Total_DOS_klr.csv,test
zv5,dos,True,1,210,/content/obelix_audit_filtered_spectra/Test_cif/zv5/Total_DOS_zv5.csv,test
dvb,dos,True,1,210,/content/obelix_audit_filtered_spectra/Test_cif/dvb/Total_DOS_dvb.csv,test
mtr,dos,True,1,210,/content/obelix_audit_filtered_spectra/Test_cif/mtr/Total_DOS_mtr.csv,test
1ty,dos,True,1,210,/content/obelix_audit_filtered_spectra/Test_cif/1ty/Total_DOS_1ty.csv,test
j5g,dos,True,1,210,/content/obelix_audit_filtered_spectra/Test_cif/j5g/Total_DOS_j5g.csv,test
